{"V24": 0.9944379712313262, "V26": 0.9936517793505848, "V11": 0.8943292988534013, "V25": 0.8795060654776905, "V19": 0.8409204618328806, "V6": 0.816479121571378, "V13": 0.8131954774396959, "V23": 0.7920524697573569, "V18": 0.7843044753269307, "V22": 0.7835416674095199}