{
    "V14": 1.7004071474075317,
    "V4": 1.6812527179718018,
    "V10": 0.6495206952095032,
    "V12": 0.626973032951355,
    "V8": 0.613444447517395,
    "V1": 0.5783525109291077,
    "Hour": 0.5450865030288696,
    "V18": 0.5029721260070801,
    "Amount_log": 0.49983569979667664,
    "V3": 0.49819913506507874
}