{
    "Time": 0.011740550398826599,
    "V1": 0.01265083346515894,
    "V2": 0.00672575831413269,
    "V3": 0.01007852517068386,
    "V4": 0.05414240434765816,
    "V5": 0.008472418412566185,
    "V6": 0.0035121606197208166,
    "V7": 0.01225683931261301,
    "V8": 0.029275385662913322,
    "V9": 0.007032361812889576,
    "V10": 0.2966497242450714,
    "V11": 0.009837310761213303,
    "V12": 0.024094171822071075,
    "V13": 0.012932493351399899,
    "V14": 0.34647446870803833,
    "V15": 0.007350326981395483,
    "V16": 0.0075567131862044334,
    "V17": 0.011761929839849472,
    "V18": 0.014604287222027779,
    "V19": 0.009263675659894943,
    "V20": 0.011052580550312996,
    "V21": 0.006014000624418259,
    "V22": 0.009718072600662708,
    "V23": 0.006348232738673687,
    "V24": 0.007838094606995583,
    "V25": 0.006439415272325277,
    "V26": 0.01001355703920126,
    "V27": 0.005114105995744467,
    "V28": 0.005715673323720694,
    "Amount": 0.011539449915289879,
    "Amount_log": 0.013298390433192253,
    "Hour": 0.010496110655367374
}