{"V17": 0.3715542772719564, "V14": 0.3486132238883612, "V12": 0.28919636097350615, "V10": 0.23713003794916407, "V3": 0.2316269927977651, "V16": 0.21924856407740537, "V7": 0.21535009148766032, "V11": 0.18176015654017125, "V4": 0.14812597303885858, "V18": 0.12830377281517288}