{
    "roc_auc": 0.983051756859187,
    "f1_score": 0.7533632286995515
}